Disease,Description,Precautions
Drug Reaction,Reaksi obat yang merugikan (ADR) adalah cedera yang disebabkan oleh konsumsi obat. ADR dapat terjadi setelah satu dosis atau penggunaan obat yang berkepanjangan atau akibat kombinasi dua atau lebih obat.,"1. Pola Makan Seimbang : Jaga kesehatan dengan makan makanan bergizi dan hindari makanan tinggi gula dan karbohidrat. Biar tubuh tetap sehat dan fit!

2. Olahraga Rutin: Jangan lupa olahraga secara teratur. Aktivitas fisik bisa bantu jaga kesehatan dan kurangi reaksi obat.

3. Cek Kesehatan Rutin: Rajin cek kadar gula darah dan kunjungi dokter secara berkala. Ini penting buat pantau reaksi obat dan kesehatanmu secara keseluruhan."
Malaria,Malaria adalah penyakit menular yang disebabkan oleh parasit protozoa dari keluarga Plasmodium yang dapat ditularkan melalui gigitan nyamuk Anopheles atau jarum yang terkontaminasi atau transfusi. Malaria falciparum adalah jenis yang paling mematikan.,"1. Minum Obat Sesuai Anjuran Dokter: Konsultasikan dengan dokter dan patuhi jadwal minum obat dari dokter agar cepat sembuh.

2. Penyemprotan Residual Dalam Ruangan (IRS): Lakukan IRS untuk kurangi populasi nyamuk dalam ruangan dan cegah penularan malaria.

3. Manajemen Sumber Larva: Evaluasi dan terapkan manajemen sumber larva untuk target tempat berkembang biaknya nyamuk, sehingga bisa kurangi kepadatan nyamuk."
Allergy,"Alergi adalah respons sistem kekebalan tubuh terhadap zat asing yang biasanya tidak berbahaya bagi tubuh Anda. Mereka dapat termasuk makanan tertentu, serbuk sari, atau bulu hewan peliharaan. Tugas sistem kekebalan tubuh Anda adalah menjaga Anda tetap sehat dengan melawan patogen berbahaya.","1. Konsumsi Makanan Alami : Makan makanan segar dan alami, hindari makanan olahan yang banyak bahan pengawetnya.

2. Baca Informasi Alergi : Selalu cek label makanan buat hindari bahan yang bisa bikin alergi.

3. Hindari Kontaminasi Silang : Gunakan peralatan dapur yang berbeda buat makanan alergenik biar aman."
Hypothyroidism,"Hipotiroidisme, juga disebut tiroid kurang aktif, adalah gangguan sistem endokrin di mana kelenjar tiroid tidak menghasilkan cukup hormon tiroid.","1. Minum Obat Sesuai Anjuran : Minum Levothyroxine agar hormon tiroid kembali normal dan gejala hipotiroidisme hilang.

2. Cek Kadar TSH Rutin : Rutin cek kadar TSH agar bisa tentuin dosis obat yang tepat.

3. Tangani Penyebab Utama : Atasi juga penyebab utamanya seperti tiroiditis autoimun agar pengobatan lebih efektif."
Psoriasis,"Psoriasis adalah gangguan kulit umum yang membentuk bercak merah tebal dan benjolan yang ditutupi dengan sisik perak. Mereka bisa muncul di mana saja, tetapi kebanyakan muncul di kulit kepala, siku, lutut, dan punggung bawah. Psoriasis tidak bisa ditularkan dari orang ke orang. Kadang-kadang terjadi pada anggota keluarga yang sama.","1. Gunakan Pengobatan Topikal : Pakai krim atau salep untuk psoriasis ringan sampai sedang agar peradangan berkurang dan pertumbuhan sel kulit melambat.

2. Pantau Fungsi Hati dan Ginjal : Rutin cek kesehatan hati dan ginjal jika pakai obat sistemik, dan sesuaikan dosis sesuai respon tubuh.

3. Gaya Hidup Sehat : Jaga pola makan seimbang dan olahraga rutin agar gejala psoriasis tidak parah."
GERD,"Penyakit refluks gastroesofageal (GERD) adalah gangguan pencernaan yang mempengaruhi sfingter esofagus bagian bawah (LES), cincin otot antara esofagus dan lambung. Banyak orang, termasuk wanita hamil, menderita mulas atau gangguan pencernaan asam yang disebabkan oleh GERD.","1. Hindari Makanan Tinggi Gula dan Karbohidrat : Jangan makan sebelum tidur dan coba tidur dengan kepala sedikit terangkat (bantal yang sedikit tinggi)

2. Rutin Cek Kesehatan : Terutama cek kadar gula darah kalau pakai obat yang bisa mempengaruhi glukosa.

3. Makan Teratur dan Porsi Kecil: Makan dalam porsi kecil tapi sering, dan jangan langsung tidur setelah makan. Kurangi makan makanan pedas, asam, dan berlemak biar gak bikin asam lambung naik."
Chronic cholestasis,"Penyakit kolestatik kronis, baik terjadi pada masa bayi, masa kanak-kanak, atau dewasa, ditandai dengan transportasi asam empedu yang cacat dari hati ke usus, yang disebabkan oleh kerusakan utama pada epitel bilier dalam banyak kasus.","1. Rutin Cek Fungsi Hati : Selalu pantau kadar bilirubin dan enzim hati. Kalau ada gejala yang makin parah, dokter mungkin akan sesuaikan dosis obat atau tambahkan terapi lain agar kondisi tetap terkontrol.

2. Jaga Pola Makan Sehat : Makan makanan rendah lemak dan tinggi serat, hindari alkohol dan makanan yang bisa ganggu hati. Jangan lupa olahraga teratur agar tetap sehat.

3. Belajar dan Berkomunikasi : Pelajari lebih lanjut tentang kolestasis, ngobrol terbuka dengan dokter, dan bergabung dengan kelompok dukungan pasien agar bisa hadapi tantangan dengan lebih baik."
hepatitis A,Hepatitis A adalah infeksi hati yang sangat menular yang disebabkan oleh virus hepatitis A. Virus ini adalah salah satu dari beberapa jenis virus hepatitis yang menyebabkan peradangan dan mempengaruhi kemampuan hati Anda untuk berfungsi.,"1. Cukup Istirahat : Istirahat yang cukup agar tubuh bisa melawan infeksi dan memulihkan energi yang hilang.

2. Minum Banyak Air dan Makan Sehat : Minum banyak cairan agar tubuh tetap terhidrasi, dan makan makanan yang seimbang dan bergizi agar kesehatan hati terjaga. Hindari alkohol dan makanan berlemak tinggi.

3. Jaga Kebersihan dan Vaksinasi : Cuci tangan rutin, pastikan makanan dimasak dengan baik, dan hindari air yang tidak bersih. Diskusikan dengan dokter tentang vaksinasi hepatitis A agar terlindungi dari infeksi."
Osteoarthristis,"Osteoartritis adalah bentuk artritis yang paling umum, yang mempengaruhi jutaan orang di seluruh dunia. Ini terjadi ketika tulang rawan pelindung yang melindungi ujung tulang Anda aus seiring waktu.","1. Atur Nyeri dan Peradangan : Minum obat seperti ibuprofen, naproxen, atau paracetamol agar nyeri dan peradangan berkurang. Kalau nyeri parah, dokter mungkin akan kasih resep obat lebih kuat.

2. Olahraga Ringan dan Terapi Fisik : Lakukan latihan ringan seperti jalan kaki atau berenang dan latihan kekuatan otot untuk jaga mobilitas dan kurangi nyeri. Terapi fisik juga bisa bantu perkuat otot di sekitar sendi yang terkena.

3. Hindari Beban Berlebihan : Jangan lakukan aktivitas yang bikin sendi terlalu terbebani. Pakai alat bantu seperti tongkat atau penyangga kalau perlu agar tekanan pada sendi berkurang."
(vertigo) Paroymsal  Positional Vertigo,Benign paroxysmal positional vertigo (BPPV) adalah salah satu penyebab vertigo yang paling umum. Ini menyebabkan sensasi tiba-tiba bahwa Anda atau lingkungan di sekitar Anda berputar. BPPV memicu episode singkat pusing yang dapat berkisar dari ringan hingga sangat parah.,"1. Lakukan Canalith Repositioning Procedure (CRP) : Duduk di tepi meja, putar kepala 45 derajat ke kanan, lalu baringkan tubuh. Putar kepala 90 derajat ke arah sisi yang tidak terlibat dan gulung ke sisi tersebut. Kembali ke posisi duduk.

2. Coba Liberatory (Semont Maneuver) : Duduk di tepi meja, baringkan tubuh ke sisi yang terlibat dengan kepala diputar 45 derajat ke sisi yang tidak terlibat. Tahan 1,5 menit, lalu ayunkan tubuh ke sisi yang tidak terlibat dengan cepat. Tahan lagi 1,5 menit, lalu kembali duduk. Ulangi tiga kali.

3. Latihan Brandt-Daroff : Duduk di tepi tempat tidur, baringkan tubuh ke sisi dengan kepala diputar 45 derajat ke langit-langit. Tahan 30 detik atau sampai pusing hilang, kembali duduk. Lakukan sisi sebaliknya. Ulangi lima set tiga kali sehari sampai gejala hilang dua hari berturut-turut."
Hypoglycemia,"Hipoglikemia adalah kondisi di mana kadar gula darah (glukosa) Anda lebih rendah dari normal. Glukosa adalah sumber energi utama tubuh Anda. Hipoglikemia sering terkait dengan pengobatan diabetes. Namun, obat lain dan berbagai kondisi â€” yang kebanyakan jarang terjadi â€” juga dapat menyebabkan gula darah rendah pada orang yang tidak menderita diabetes.","1. Pantau Gula Darah: Rutin cek gula darah agar bisa segera bertindak kalau kadar gula darah turun terlalu rendah.

2. Bawa Camilan Manis: Selalu bawa camilan manis seperti permen, jus, atau tablet glukosa buat atasi gejala hipoglikemia.

3. Ikuti Aturan 15-15: Kalau gula darah turun, konsumsi 15 gram karbohidrat, tunggu 15 menit, dan cek lagi. Ulangi sampai gula darah stabil."
Acne,"Acne vulgaris adalah pembentukan komedo, papula, pustula, nodul, dan/atau kista akibat penyumbatan dan peradangan unit pilosebasea (folikel rambut dan kelenjar sebaceous yang menyertainya). Jerawat berkembang di wajah dan bagian atas tubuh. Kondisi ini paling sering mempengaruhi remaja.","1. Cuci Muka dengan Lembut : Cuci muka maksimal dua kali sehari dan setelah berkeringat. Pakai pembersih yang lembut dan bebas alkohol.

2. Pakai Produk yang Tepat : Gunakan produk perawatan kulit yang lembut dan bebas alkohol. Hindari produk yang bisa bikin kulit kering atau iritasi. Direkomendasikan untuk menggunakan obat totol jerawat

3. Jaga Kebersihan Rambut : Keramas secara teratur agar minyak rambut tidak bikin jerawat di dahi.
"
Diabetes,"Diabetes adalah penyakit yang terjadi ketika kadar glukosa darah, juga disebut gula darah, terlalu tinggi. Glukosa darah adalah sumber energi utama tubuh dan berasal dari makanan yang Anda makan. Insulin, hormon yang diproduksi oleh pankreas, membantu glukosa dari makanan masuk ke sel-sel tubuh untuk digunakan sebagai energi.","1. Olahraga dan Makan Sehat : Rajin olahraga dan makan makanan sehat buat cegah diabetes tipe 2 dan komplikasinya. Hindari merokok dan jaga tekanan darah serta kadar lipid.

2. Deteksi Dini : Diagnosis awal penting biar diabetes bisa dikelola lebih baik. Pastikan akses mudah ke tes glukosa darah di layanan kesehatan.

3. Kontrol Rutin : Jaga gula darah lewat diet, aktivitas fisik, dan obat jika perlu. Rutin cek tekanan darah, lipid, serta screening mata, ginjal, dan kaki buat deteksi dini komplikasi. "
Impetigo,"Impetigo adalah infeksi kulit yang umum dan sangat menular, terutama menyerang bayi dan anak-anak. Impetigo biasanya muncul sebagai luka merah di wajah, terutama di sekitar hidung dan mulut anak, serta di tangan dan kaki. Luka-luka ini pecah dan membentuk kerak berwarna madu.","1. Jaga Kebersihan Luka : Selalu bersihkan luka dengan sabun dan air, lalu aplikasikan salep antibiotik dan tutup dengan perban untuk mencegah infeksi.

2. Hindari Kontak Langsung : Jangan sentuh atau garuk luka impetigo, dan hindari kontak kulit langsung dengan orang lain sampai luka sembuh.

3. Cuci Barang-Barang Pribadi : Cuci pakaian, handuk, dan sprei yang telah digunakan dengan air panas untuk mencegah penyebaran infeksi."
Hypertension,"Hipertensi (HTN atau HT), juga dikenal sebagai tekanan darah tinggi (HBP), adalah kondisi medis jangka panjang di mana tekanan darah di arteri secara konsisten tinggi. Tekanan darah tinggi biasanya tidak menimbulkan gejala.","1. Makan Sehat : Kurangi makanan asin, tinggi lemak, dan trans fat. Perbanyak buah dan sayur, serta hindari alkohol dan rokok.

2. Olahraga Teratur : Lakukan aktivitas fisik seperti jalan kaki, lari, atau berenang minimal 150 menit per minggu untuk jaga tekanan darah tetap stabil.

3. Rutin Cek Tekanan Darah : Cek tekanan darah secara berkala dan ikuti saran dokter untuk pengobatan dan pengelolaan tekanan darah."
Peptic ulcer diseae,"Penyakit tukak lambung (PUD) adalah kondisi di mana terjadi luka pada lapisan dalam lambung, bagian pertama dari usus kecil, atau kadang-kadang esofagus bagian bawah. Luka di lambung disebut tukak lambung, sedangkan yang berada di bagian pertama usus kecil disebut tukak duodenum.","1. Hindari NSAID : Hindari obat antiinflamasi nonsteroid (NSAID) seperti ibuprofen dan aspirin yang bisa memperparah tukak lambung.

2. Pola Makan Sehat : Konsumsi makanan sehat yang rendah asam dan hindari makanan pedas, berlemak, dan asam yang bisa mengiritasi lambung.

3. Kelola Stres : Praktikkan teknik relaksasi seperti meditasi atau yoga untuk mengurangi stres, karena stres bisa memperburuk gejala tukak lambung."
Dimorphic hemorrhoids(piles),"Hemorrhoid adalah struktur vaskular di saluran anus. Dalam kondisi normal, mereka membantu mengendalikan buang air besar. Namun, saat mengalami peradangan atau pembengkakan, mereka menjadi wasir atau dikenal sebagai hemoroid. Hemoroid bisa menyebabkan rasa sakit, gatal, dan pendarahan.","1. Konsumsi Serat Tinggi : Makan banyak makanan berserat seperti buah, sayur, dan biji-bijian agar buang air besar lebih lancar dan tidak mengejan.

2. Minum Air yang Cukup : Pastikan minum cukup air setiap hari untuk mencegah sembelit dan mengurangi tekanan pada hemorrhoid.

3. Jangan Duduk Terlalu Lama : Hindari duduk terlalu lama, terutama di toilet. Jika perlu, gunakan bantal duduk untuk mengurangi tekanan pada area hemorrhoid."
Common Cold,"Pilek atau flu adalah infeksi virus pada hidung dan tenggorokan (saluran pernapasan atas). Biasanya tidak berbahaya, meskipun bisa terasa sangat mengganggu. Banyak jenis virus yang dapat menyebabkan pilek.","1. Vaksinasi Tahunan: Dapatkan vaksin flu setiap tahun agar terlindungi dari influenza musiman.

2. Jaga Kebersihan: Rutin cuci tangan, tutup mulut dan hidung saat batuk atau bersin, dan buang tisu dengan benar.

3. Istirahat di Rumah: Jika merasa tidak enak badan, istirahat di rumah untuk menghindari menulari orang lain."
Chicken pox,"Cacar air adalah penyakit yang sangat menular yang disebabkan oleh virus varicella-zoster (VZV). Penyakit ini dapat menyebabkan ruam gatal seperti lepuh. Ruam pertama kali muncul di dada, punggung, dan wajah, kemudian menyebar ke seluruh tubuh, menyebabkan antara 250 hingga 500 lepuh yang gatal.","1. Hindari Kontak dengan Orang Lain: Hindari kontak dengan orang yang belum terkena cacar air.

2. Vaksinasi : Pastikan kamu dan mendapatkan vaksinasi cacar air untuk mencegah infeksi.

3. Jaga Kebersihan : Cuci tangan secara teratur dan hindari menyentuh wajah untuk mengurangi risiko tertular virus."
Cervical spondylosis,"Spondilosis servikal adalah istilah umum untuk keausan terkait usia yang memengaruhi cakram tulang belakang di leher Anda. Saat cakram mengalami dehidrasi dan menyusut, tanda-tanda osteoartritis muncul, termasuk pertumbuhan tulang di sepanjang tepi tulang (bone spurs).","1. Jaga Postur Tubuh: Duduk dan berdiri dengan postur yang benar untuk mengurangi tekanan pada leher dan tulang belakang.

2. Olahraga Ringan: Lakukan latihan leher dan peregangan ringan setiap hari untuk menjaga fleksibilitas dan mengurangi kekakuan.

3. Hindari Aktivitas Berat: Hindari mengangkat beban berat dan aktivitas yang memberi tekanan berlebihan pada leher dan tulang belakang."
Hyperthyroidism,"Hipertiroidisme (kelenjar tiroid yang terlalu aktif) terjadi ketika kelenjar tiroid Anda menghasilkan terlalu banyak hormon tiroksin. Hipertiroidisme dapat mempercepat metabolisme tubuh Anda, menyebabkan penurunan berat badan yang tidak disengaja dan detak jantung yang cepat atau tidak teratur.","1. Konsumsi Obat Sesuai Anjuran: Minum obat anti-tiroid sesuai resep dokter untuk mengontrol hormon tiroid yang berlebihan.

2. Pantau Kesehatan Rutin: Rutin cek kadar hormon tiroid dan konsultasikan dengan dokter untuk penyesuaian pengobatan jika perlu.

3. Hindari Makanan Tinggi Yodium: Kurangi konsumsi makanan tinggi yodium seperti garam beryodium dan makanan laut, agar gejala tidak memburuk."
Urinary tract infection,"Infeksi saluran kemih (ISK) adalah infeksi pada ginjal, ureter, kandung kemih, atau uretra. Tidak semua orang dengan ISK memiliki gejala, tetapi gejala umum termasuk sering ingin buang air kecil dan rasa sakit atau terbakar saat buang air kecil.","1. Minum Air yang Cukup: Pastikan minum banyak air setiap hari agar bakteri bisa keluar melalui urine dan mencegah infeksi.

2. Jangan Menahan Buang Air Kecil: Segera buang air kecil jika terasa, terutama setelah berhubungan seksual, untuk membantu mengeluarkan bakteri dari saluran kemih.

3. Jaga Kebersihan Pribadi: Selalu bersihkan area genital dari depan ke belakang setelah buang air kecil atau besar untuk mencegah penyebaran bakteri."
Varicose veins,"Vena yang membesar dan berkelok-kelok sering terlihat sebagai pembuluh darah biru yang menonjol dan jelas terlihat melalui kulit. Varises paling umum terjadi pada orang dewasa yang lebih tua, terutama wanita, dan biasanya muncul di kaki.","1. Olahraga Teratur: Rutin bergerak dan olahraga, seperti jalan kaki atau berenang, untuk meningkatkan sirkulasi darah dan mencegah varises.

2. Jaga Berat Badan Ideal: Pertahankan berat badan sehat agar tidak memberi tekanan berlebihan pada pembuluh darah di kaki.

3. Hindari Duduk atau Berdiri Terlalu Lama: Usahakan untuk sering bergerak atau mengubah posisi agar darah tidak berkumpul di satu tempat dan menyebabkan varises."
AIDS,"Acquired immunodeficiency syndrome (AIDS) adalah kondisi kronis yang berpotensi mengancam jiwa yang disebabkan oleh virus human immunodeficiency (HIV). Dengan merusak sistem kekebalan tubuh, HIV mengganggu kemampuan tubuh untuk melawan infeksi dan penyakit.","1. Gunakan Kondom: Selalu gunakan kondom saat berhubungan seksual untuk mencegah penularan HIV/AIDS.

2. Tes dan Pengobatan Rutin: Rutin tes HIV/AIDS dan infeksi menular seksual lainnya, serta ikuti pengobatan antiretroviral (ART) jika terdiagnosis.

3. Hindari Berbagi Jarum: Jangan berbagi jarum atau peralatan suntik untuk mencegah penyebaran HIV/AIDS melalui darah."
Paralysis (brain hemorrhage),"Perdarahan intraserebral (ICH) terjadi ketika darah tiba-tiba masuk ke jaringan otak, menyebabkan kerusakan pada otak Anda. Gejalanya biasanya muncul tiba-tiba selama ICH. Ini termasuk sakit kepala, kelemahan, kebingungan, dan kelumpuhan, terutama pada satu sisi tubuh Anda.","1. Pantau Kadar Gula Darah: Rutin cek kadar gula darah untuk menghindari komplikasi diabetes. Ini penting agar kadar gula darah tetap terkontrol.

2. Makan Sehat dan Olahraga: Konsumsi makanan seimbang dan rendah gula serta rajin berolahraga agar tubuh tetap sehat dan gula darah stabil.

3. Ikuti Pengobatan dengan Disiplin: Minum obat sesuai resep dokter dan jangan lewatkan dosis. Pengobatan yang tepat bisa mencegah komplikasi diabetes."
Typhoid,"Penyakit tifoid adalah penyakit akut yang ditandai dengan demam akibat infeksi bakteri Salmonella typhi. Demam tifoid memiliki onset yang lambat, dengan gejala seperti demam, sakit kepala, sembelit, rasa tidak enak badan, menggigil, dan nyeri otot. Diare jarang terjadi, dan muntah biasanya tidak parah.","1. Vaksinasi Typhoid : Dapatkan vaksinasi typhoid untuk mencegah infeksi, terutama jika tinggal atau bepergian ke daerah dengan risiko tinggi.

2. Jaga Kebersihan: Selalu cuci tangan dengan sabun dan air bersih, terutama sebelum makan dan setelah menggunakan toilet.

3. Minum Air Bersih: Pastikan air yang diminum aman, gunakan air matang atau air kemasan jika perlu, dan hindari makanan yang tidak dimasak dengan baik."
Hepatitis B,"Hepatitis B adalah infeksi pada hati yang dapat menyebabkan jaringan parut, gagal hati, dan kanker. Penyakit ini bisa berakibat fatal jika tidak diobati. Hepatitis B menyebar ketika seseorang bersentuhan dengan darah, luka terbuka, atau cairan tubuh dari orang yang terinfeksi virus hepatitis B.","1. Vaksinasi: Pastikan mendapatkan vaksinasi Hepatitis B, terutama untuk bayi yang baru lahir, agar terlindungi dari virus ini.

2. Praktikkan Seks Aman: Gunakan kondom dan kurangi jumlah pasangan seksual untuk mencegah penularan melalui kontak seksual.

3. Hindari Berbagi Jarum: Jangan berbagi jarum atau peralatan suntik untuk mencegah penyebaran Hepatitis B melalui darah."
Fungal infection,"Pada manusia, infeksi jamur terjadi ketika jamur menyerang area tubuh dan melebihi kemampuan sistem kekebalan untuk menangani. Jamur dapat hidup di udara, tanah, air, dan tanaman. Beberapa jamur juga hidup secara alami di tubuh manusia. Seperti mikroba lainnya, ada jamur yang bermanfaat dan ada yang berbahaya.","1. Jaga Kebersihan Diri: Selalu mandi dan keringkan tubuh dengan baik, terutama di area lipatan kulit, untuk mencegah infeksi jamur.

2. Gunakan Pakaian yang Bersih dan Kering: Pilih pakaian yang bersih, kering, dan tidak terlalu ketat, serta sering ganti pakaian dalam dan kaus kaki.

3. Hindari Berbagi Barang Pribadi: Jangan berbagi barang pribadi seperti handuk, sepatu, atau alat cukur yang bisa menjadi media penyebaran jamur."
Hepatitis C,"Peradangan hati akibat virus hepatitis C (HCV) biasanya menyebar melalui transfusi darah (jarang), hemodialisis, dan jarum suntik. Kerusakan yang disebabkan oleh hepatitis C pada hati dapat menyebabkan sirosis dan komplikasinya serta kanker.","1. Jaga Kebersihan: Jangan berbagi barang pribadi seperti jarum, sikat gigi, atau pisau cukur untuk mencegah penularan Hepatitis C.

2. Hindari Alkohol: Kurangi atau hindari konsumsi alkohol untuk mencegah kerusakan lebih lanjut pada hati.

3. Tes dan Pengobatan Rutin: Rutin tes Hepatitis C dan ikuti pengobatan dari dokter untuk mencegah komplikasi."
Migraine,"Migrain dapat menyebabkan nyeri berdenyut hebat atau sensasi berdenyut, biasanya pada satu sisi kepala. Sering disertai mual, muntah, dan sensitivitas ekstrem terhadap cahaya dan suara. Serangan migrain bisa berlangsung selama berjam-jam hingga berhari-hari, dan nyerinya bisa begitu parah sehingga mengganggu aktivitas sehari-hari.","1. stirahat di Tempat Gelap: Jika migrain menyerang, coba istirahat di ruangan gelap dan tenang untuk meredakan gejala.

2. Kompres Dingin atau Hangat: Gunakan kompres dingin atau hangat di kepala atau leher untuk mengurangi rasa sakit.

3. Hindari Pemicu Migrain: Kenali dan hindari makanan atau situasi yang bisa memicu migrain, seperti stres, kurang tidur, atau makanan tertentu."
Bronchial Asthma,"Asma bronkial adalah kondisi medis yang menyebabkan jalur napas di paru-paru membengkak dan menyempit. Akibat pembengkakan ini, jalur napas memproduksi lendir berlebih yang membuat sulit bernapas, sehingga menyebabkan batuk, sesak napas, dan mengi. Penyakit ini bersifat kronis dan mengganggu aktivitas sehari-hari.","1. Kenali Gejala dan Pemicu: Ketahui gejala asma dan pemicunya, seperti asap, bulu hewan, atau perubahan cuaca. Hindari pemicu sebisa mungkin dan selalu siapkan inhaler.

2. Gunakan Inhaler dengan Benar: Pakai inhaler sesuai instruksi dokter untuk kontrol gejala asma. Gunakan spacer agar obat lebih efektif masuk ke paru-paru.

3. Edukasi Diri dan Orang Terdekat: Pelajari cara mengelola asma dan pastikan keluarga serta teman tahu apa yang harus dilakukan saat serangan asma terjadi."
Alcoholic hepatitis,"Hepatitis alkoholik adalah kondisi inflamasi hati yang disebabkan oleh konsumsi alkohol berlebihan dalam jangka waktu yang lama. Kondisi ini juga diperparah oleh kebiasaan minum berlebihan dan penggunaan alkohol terus-menerus. Jika Anda mengembangkan kondisi ini, Anda harus berhenti minum alkohol.","1. Minum Obat Sesuai Anjuran: Pastikan minum obat yang diresepkan dokter secara teratur agar kondisi bisa terkontrol dengan baik.

2. Jaga Pola Hidup Sehat: Konsumsi makanan sehat, olahraga teratur, dan hindari stres untuk mendukung pengobatan dan menjaga kesehatan secara keseluruhan.

3. Pantau Kondisi Rutin: Rutin cek kesehatan dan konsultasikan perkembangan kondisi dengan dokter untuk penyesuaian pengobatan jika diperlukan."
Jaundice,"Penyakit kuning adalah pewarnaan kuning pada kulit dan sklera (bagian putih mata) akibat kadar bilirubin yang tinggi dalam darah. Kuningnya juga meluas ke jaringan dan cairan tubuh lainnya. Penyakit kuning dulu disebut ""morbus regius"" (penyakit raja) dengan kepercayaan bahwa hanya sentuhan seorang raja yang bisa menyembuhkannya.","1. Konsumsi Makanan Sehat: Makan makanan seimbang yang kaya serat seperti buah, sayur, dan biji-bijian untuk membantu pencernaan dan fungsi hati.

2. Minum Banyak Air: Pastikan minum banyak air untuk membantu tubuh mengeluarkan racun dan sel darah yang rusak.

3. Hindari Makanan Berlemak: Kurangi makanan berlemak tinggi yang bisa membebani hati dan memperburuk kondisi jaundice."
Hepatitis E,"Hepatitis E adalah bentuk langka dari peradangan hati yang disebabkan oleh infeksi virus hepatitis E (HEV). Virus ini ditularkan melalui makanan atau minuman yang ditangani oleh orang yang terinfeksi atau melalui sumber air yang terkontaminasi, terutama di daerah di mana kotoran bisa masuk ke dalam air. Hepatitis E tidak menyebabkan penyakit hati kronis.","1. Jaga Kebersihan dan Sanitasi: Selalu cuci tangan dengan sabun dan air bersih, serta pastikan makanan dan minuman yang dikonsumsi berasal dari sumber yang bersih untuk mencegah infeksi Hepatitis E.

2. Hindari Air dan Es yang Tidak Bersih: Jangan minum air mentah atau es yang berasal dari sumber yang tidak terpercaya. Pastikan air yang diminum sudah dimasak atau berasal dari kemasan yang aman.

3. Vaksinasi: Pertimbangkan untuk mendapatkan vaksin Hepatitis E jika tersedia, terutama jika bepergian ke daerah dengan risiko tinggi."
Dengue,"Penyakit demam berdarah adalah penyakit menular akut yang disebabkan oleh flavivirus (spesies virus Dengue dari genus Flavivirus), ditularkan oleh nyamuk Aedes. Penyakit ini ditandai dengan sakit kepala, nyeri sendi yang parah, dan ruam. Juga dikenal sebagai demam tulang patah atau demam berdarah dengue.","1. Hindari Gigitan Nyamuk: Gunakan pakaian tertutup, pakai obat nyamuk, dan tidur dengan kelambu untuk menghindari gigitan nyamuk.

2. Bersihkan Lingkungan: Buang air tergenang dan bersihkan tempat-tempat yang bisa menjadi sarang nyamuk di sekitar rumah.

3. Segera Berobat: Jika mengalami gejala seperti demam tinggi, sakit kepala, atau nyeri otot, segera periksa ke dokter untuk mendapatkan penanganan yang tepat."
Hepatitis D,"Hepatitis D, juga dikenal sebagai virus hepatitis delta, adalah infeksi yang menyebabkan peradangan hati. Pembengkakan ini dapat mengganggu fungsi hati dan menyebabkan masalah jangka panjang, termasuk jaringan parut dan kanker hati. Kondisi ini disebabkan oleh virus hepatitis D (HDV).","1. Vaksinasi Hepatitis B: Dapatkan vaksinasi Hepatitis B untuk mencegah infeksi Hepatitis D, karena HDV memerlukan HBV untuk berkembang.

2. Hindari Berbagi Jarum: Jangan berbagi jarum atau peralatan suntik untuk mencegah penularan melalui darah.

3. Praktikkan Seks Aman: Gunakan kondom untuk mengurangi risiko penularan virus melalui hubungan seksual."
Heart attack,"Kematian otot jantung terjadi akibat hilangnya pasokan darah. Hilangnya pasokan darah ini biasanya disebabkan oleh penyumbatan total arteri koroner, salah satu arteri yang memasok darah ke otot jantung.","Jaga Pola Makan Sehat: Pilih makanan sehat seperti buah, sayuran, ikan, dan biji-bijian. Hindari makanan berlemak tinggi dan trans-fat untuk menjaga kesehatan jantung.

Rutin Olahraga: Lakukan aktivitas fisik secara teratur, seperti jalan kaki atau lari, untuk menjaga berat badan ideal dan memperkuat jantung.

Kontrol Tekanan Darah dan Kolesterol: Rutin cek tekanan darah dan kadar kolesterol. Minum obat sesuai anjuran dokter untuk mengendalikan kedua faktor tersebut."
Pneumonia,"Pneumonia adalah infeksi pada satu atau kedua paru-paru. Bakteri, virus, dan jamur dapat menyebabkannya. Infeksi ini menyebabkan peradangan di kantung udara di paru-paru Anda, yang disebut alveoli. Alveoli terisi dengan cairan atau nanah, membuat sulit bernapas.","1. Vaksinasi: Dapatkan vaksin pneumonia dan flu untuk mengurangi risiko infeksi.

2. Jaga Kebersihan Tangan: Rajin cuci tangan dengan sabun dan air untuk mencegah penyebaran kuman.

3. Hindari Merokok: Berhenti merokok agar paru-paru tetap sehat dan lebih kuat melawan infeksi.

"
Arthritis,"Artritis adalah pembengkakan dan nyeri pada satu atau lebih sendi Anda. Gejala utama artritis adalah nyeri sendi dan kekakuan, yang biasanya memburuk seiring bertambahnya usia. Jenis artritis yang paling umum adalah osteoartritis dan rheumatoid arthritis.","1. Olahraga Teratur: Lakukan aktivitas fisik seperti jalan kaki, berenang, atau yoga untuk menjaga sendi tetap fleksibel dan mengurangi risiko artritis.

2. Jaga Berat Badan Ideal: Pertahankan berat badan yang sehat untuk mengurangi tekanan pada sendi, terutama sendi lutut dan pinggul.

3. Makan Makanan Sehat: Konsumsi makanan kaya antioksidan seperti buah dan sayuran untuk mengurangi peradangan dan menjaga kesehatan sendi."
Gastroenteritis,"Gastroenteritis adalah peradangan pada saluran pencernaan, terutama lambung, usus besar, dan usus kecil. Gastroenteritis viral dan bakteri adalah infeksi usus yang terkait dengan gejala diare, kram perut, mual, dan muntah.","1. Jaga Kebersihan Tangan: Cuci tangan dengan sabun dan air mengalir sebelum makan dan setelah menggunakan toilet untuk mencegah penyebaran kuman.

2. Minum Air yang Cukup: Pastikan minum banyak air atau cairan rehidrasi oral untuk mencegah dehidrasi saat mengalami gastroenteritis.

3. Hindari Makanan dan Minuman Tertentu: Jauhi makanan pedas, berlemak, atau produk susu yang bisa memperparah gejala."
Tuberculosis,"Tuberkulosis (TB) adalah penyakit menular yang biasanya disebabkan oleh bakteri Mycobacterium tuberculosis (MTB). Tuberkulosis umumnya mempengaruhi paru-paru, tetapi juga bisa mempengaruhi bagian tubuh lainnya. Sebagian besar infeksi tidak menunjukkan gejala, yang disebut sebagai tuberkulosis laten.","1. Gunakan Masker: Selalu pakai masker untuk mencegah penyebaran bakteri TB melalui udara.

2. Isolasi Diri: Hindari kontak dekat dengan orang lain selama masa pengobatan awal, terutama jika TB masih aktif.

3. Rutin Minum Obat: Patuhilah jadwal pengobatan sesuai anjuran dokter untuk memastikan kesembuhan total dan mencegah resistensi obat."